{
  "system_coder": "Antwort ausschließlich als gültiges JSON nach Schema.",
  "user_coder": {
    "de": "Normalisiere die Rohantwort in das Zielschema.\n<<<{RAW_TEXT}>>>\nBelege:\n<<<{CSE_ITEMS}>>>\n\nGib NUR valides JSON zurück.\nSchema:\n{\n  \"brand\": \"string\", \"topic\": \"string\", \"market\": \"string\",\n  \"language\": \"de|fr|it|rm|en\", \"profile\": \"CHATGPT_NO_SEARCH|CHATGPT_SEARCH_AUTO|GOOGLE_OVERVIEW|GEMINI_NO_SEARCH|GEMINI_SEARCH_AUTO\",\n  \"intent\": \"int\", \"variant\": \"int\", \"inclusion\": \"true|false|null\",\n  \"sentiment_label\": \"positive|neutral|negative|ambivalent|unknown\",\n  \"aspect_scores\": {\"visibility\": \"float|null\", \"sentiment\": \"float|null (-1..1)\", \"narrative\": [], \"risk_flags\": [], \"sources\": []},\n  \"evidence\": [{\"title\":\"\", \"url\":\"\", \"domain\":\"\", \"domain_type\":\"\", \"country\":\"\", \"published_at\":null, \"discovered_at\":\"\", \"age_days\":null, \"freshness_bucket\":\"\"}],\n  \"freshness_index\": 0.0, \"freshness_known_pct\": 0.0,\n  \"run_meta\": {\"run_timestamp\":\"\",\"provider\":\"\",\"model_version\":\"\",\"search_params\":{}},\n  \"stakeholder\": \"string\",\n  \"confidence\": \"low|medium|high\"\n}",
    "fr": "Normalise la réponse brute.\n<<<{RAW_TEXT}>>>\n<<<{CSE_ITEMS}>>>\n\nGib NUR valides JSON zurück.\nSchema:\n{\n  \"brand\": \"string\", \"topic\": \"string\", \"market\": \"string\",\n  \"language\": \"de|fr|it|rm|en\", \"profile\": \"CHATGPT_NO_SEARCH|CHATGPT_SEARCH_AUTO|GOOGLE_OVERVIEW|GEMINI_NO_SEARCH|GEMINI_SEARCH_AUTO\",\n  \"intent\": \"int\", \"variant\": \"int\", \"inclusion\": \"true|false|null\",\n  \"sentiment_label\": \"positive|neutral|negative|ambivalent|unknown\",\n  \"aspect_scores\": {\"visibility\": \"float|null\", \"sentiment\": \"float|null (-1..1)\", \"narrative\": [], \"risk_flags\": [], \"sources\": []},\n  \"evidence\": [{\"title\":\"\", \"url\":\"\", \"domain\":\"\", \"domain_type\":\"\", \"country\":\"\", \"published_at\":null, \"discovered_at\":\"\", \"age_days\":null, \"freshness_bucket\":\"\"}],\n  \"freshness_index\": 0.0, \"freshness_known_pct\": 0.0,\n  \"run_meta\": {\"run_timestamp\":\"\",\"provider\":\"\",\"model_version\":\"\",\"search_params\":{}},\n  \"stakeholder\": \"string\",\n  \"confidence\": \"low|medium|high\"\n}",
    "it": "Normalizza la risposta grezza.\n<<<{RAW_TEXT}>>>\n<<<{CSE_ITEMS}>>>\n\nGib NUR valides JSON zurück.\nSchema:\n{\n  \"brand\": \"string\", \"topic\": \"string\", \"market\": \"string\",\n  \"language\": \"de|fr|it|rm|en\", \"profile\": \"CHATGPT_NO_SEARCH|CHATGPT_SEARCH_AUTO|GOOGLE_OVERVIEW|GEMINI_NO_SEARCH|GEMINI_SEARCH_AUTO\",\n  \"intent\": \"int\", \"variant\": \"int\", \"inclusion\": \"true|false|null\",\n  \"sentiment_label\": \"positive|neutral|negative|ambivalent|unknown\",\n  \"aspect_scores\": {\"visibility\": \"float|null\", \"sentiment\": \"float|null (-1..1)\", \"narrative\": [], \"risk_flags\": [], \"sources\": []},\n  \"evidence\": [{\"title\":\"\", \"url\":\"\", \"domain\":\"\", \"domain_type\":\"\", \"country\":\"\", \"published_at\":null, \"discovered_at\":\"\", \"age_days\":null, \"freshness_bucket\":\"\"}],\n  \"freshness_index\": 0.0, \"freshness_known_pct\": 0.0,\n  \"run_meta\": {\"run_timestamp\":\"\",\"provider\":\"\",\"model_version\":\"\",\"search_params\":{}},\n  \"stakeholder\": \"string\",\n  \"confidence\": \"low|medium|high\"\n}",
    "rm": "Normalisescha la resposta brutta.\n<<<{RAW_TEXT}>>>\n<<<{CSE_ITEMS}>>>\n\nGib NUR valides JSON zurück.\nSchema:\n{\n  \"brand\": \"string\", \"topic\": \"string\", \"market\": \"string\",\n  \"language\": \"de|fr|it|rm|en\", \"profile\": \"CHATGPT_NO_SEARCH|CHATGPT_SEARCH_AUTO|GOOGLE_OVERVIEW|GEMINI_NO_SEARCH|GEMINI_SEARCH_AUTO\",\n  \"intent\": \"int\", \"variant\": \"int\", \"inclusion\": \"true|false|null\",\n  \"sentiment_label\": \"positive|neutral|negative|ambivalent|unknown\",\n  \"aspect_scores\": {\"visibility\": \"float|null\", \"sentiment\": \"float|null (-1..1)\", \"narrative\": [], \"risk_flags\": [], \"sources\": []},\n  \"evidence\": [{\"title\":\"\", \"url\":\"\", \"domain\":\"\", \"domain_type\":\"\", \"country\":\"\", \"published_at\":null, \"discovered_at\":\"\", \"age_days\":null, \"freshness_bucket\":\"\"}],\n  \"freshness_index\": 0.0, \"freshness_known_pct\": 0.0,\n  \"run_meta\": {\"run_timestamp\":\"\",\"provider\":\"\",\"model_version\":\"\",\"search_params\":{}},\n  \"stakeholder\": \"string\",\n  \"confidence\": \"low|medium|high\"\n}",
    "en": "Normalize the raw answer.\n<<<{RAW_TEXT}>>>\n<<<{CSE_ITEMS}>>>\n\nGib NUR valides JSON zurück.\nSchema:\n{\n  \"brand\": \"string\", \"topic\": \"string\", \"market\": \"string\",\n  \"language\": \"de|fr|it|rm|en\", \"profile\": \"CHATGPT_NO_SEARCH|CHATGPT_SEARCH_AUTO|GOOGLE_OVERVIEW|GEMINI_NO_SEARCH|GEMINI_SEARCH_AUTO\",\n  \"intent\": \"int\", \"variant\": \"int\", \"inclusion\": \"true|false|null\",\n  \"sentiment_label\": \"positive|neutral|negative|ambivalent|unknown\",\n  \"aspect_scores\": {\"visibility\": \"float|null\", \"sentiment\": \"float|null (-1..1)\", \"narrative\": [], \"risk_flags\": [], \"sources\": []},\n  \"evidence\": [{\"title\":\"\", \"url\":\"\", \"domain\":\"\", \"domain_type\":\"\", \"country\":\"\", \"published_at\":null, \"discovered_at\":\"\", \"age_days\":null, \"freshness_bucket\":\"\"}],\n  \"freshness_index\": 0.0, \"freshness_known_pct\": 0.0,\n  \"run_meta\": {\"run_timestamp\":\"\",\"provider\":\"\",\"model_version\":\"\",\"search_params\":{}},\n  \"stakeholder\": \"string\",\n  \"confidence\": \"low|medium|high\"\n}"
  }
}